Object Name,Object Type,Content View
The Legend of Zelda: Breath of the Wild,game,7073269
Fire Emblem: Three Houses,game,4248259
Grand Theft Auto V,game,4170815
Red Dead Redemption 2,game,4061046
Avengers: Endgame,movie,3178205
The Elder Scrolls V: Skyrim,game,1969069
Marvel's Thor: Love and Thunder,movie,1890100
Assassin's Creed Odyssey,game,1762278
Arrow,show,1708642
The Witcher 3: Wild Hunt,game,1580595
Game of Thrones,show,1537415
Fortnite,game,1517643
Star Wars: The Rise of Skywalker,movie,1299777
The Witcher,show,1286558
House of X,volume,1180715
Other,genre,1043831
Persona 5,game,1030818
Marvel Ultimate Alliance 3: The Black Order,game,968710
Star Trek: Picard,show,922852
"Pokemon: Let's Go, Pikachu!",game,921513
Super Mario Odyssey,game,907725
The Sims 4,game,880874
Summertime Saga,game,879757
Terminator: Dark Fate,movie,864854
Nintendo Switch,game,860967
Pokemon Go,game,859685
Call of Duty: Modern Warfare,game,836190
Black Panther 2,movie,827055
The Boys,show,820750
Marvel's Jessica Jones,show,807933
Grand Theft Auto: San Andreas,game,767924
Pokemon Sword,game,714909
Detroit: Become Human,game,708231
Borderlands 3,game,688185
Mortal Kombat 11,game,684964
Marvel's Black Widow,movie,683544
Marvel's What If...,show,683229
Super Smash Bros. Ultimate,game,673469
Minecraft,game,667207
Fallout 4,game,666735
Pokemon Moon Version,game,656788
God of War,game,645968
Zombieland: Double Tap,movie,644944
Marvel's Blade,movie,634856
Call of Duty: Black Ops 4,game,588630
Pokemon Alpha Sapphire Version,game,585234
Fast & Furious Presents: Hobbs & Shaw,movie,570702
Spider-Man: Far From Home,movie,567682
Madden NFL 20,game,555813
The Expanse,show,531749
Once Upon a Time in Hollywood,movie,508735
Marvel's Daredevil,show,472410
No Man's Sky,game,466455
Marvel's Doctor Strange in the Multiverse of Madness,movie,456683
Resident Evil 2,game,455553
Borderlands 2: The Horrible Hunger of the Ravenous Wattle Gobbler,game,453009
The Lion King,movie,452077
Kingdom Hearts III,game,450821
Wolfenstein: Youngblood,game,444980
Horizon: Zero Dawn,game,444827
Final Fantasy VII Remake,game,444259
Stephen King's IT Chapter Two,movie,434266
Star Wars: Shadows of the Empire,game,428705
Yakuza 0,game,414910
Guardians of the Galaxy Vol. 3,movie,413839
The Legend of Zelda: Ocarina of Time 3D,game,401666
Watchmen: The Series,show,400448
Metal Gear Solid V: The Phantom Pain,game,374656
Octopath Traveler,game,361200
SEGA Genesis Mini,game,360424
Joker,movie,358927
Marvel's Spider-Man,game,357869
Marvel's Avengers,game,342683
Sekiro: Shadows Die Twice,game,337532
Final Fantasy X,game,335587
Final Fantasy XV,game,328020
Pokemon X,game,323679
Pokemon Red Version,game,321697
WWE 2K20,game,318414
Final Fantasy VII,game,308258
Sonic the Hedgehog: The Movie,movie,298953
Dragon Quest XI: Echoes of an Elusive Age,game,296351
Kingdom Hearts HD I.5 ReMIX,game,294016
Marvel's The Falcon and The Winter Soldier,show,291031
Doom,game,289904
Crash Team Racing Nitro-Fueled,game,287158
Marvel's The Eternals,movie,286846
FIFA 20,game,285946
Hollow Knight,game,284597
Stranger Things,show,273824
Monster Hunter World,game,270594
Marvel Studios,company,264718
Harry Potter: Wizards Unite,game,263646
Apex Legends,game,263152
Scary Stories to Tell in the Dark,movie,262600
Nintendo World Championships 1990,game,260640
Pokemon Trading Card Game,game,258063
Batman Beyond,show,256509
Sideshow Collectibles,company,256126
Batman: Arkham Knight -- Robin: Flip a Coin,game,250034
The Walking Dead,show,248100
ARK: Survival Evolved,game,245731
Venom 2,movie,242344
LEGO Marvel Super Heroes 2,game,242306
Pokemon Shield,game,241030
Shin Megami Tensei: Persona 4,game,239467
Marvel Legends (Hasbro),volume,237804
Top Gun: Maverick,movie,236429
Titans,show,236164
Destiny 2,game,234012
New Super Mario Bros. U,game,233672
Wolfenstein 2: The New Colossus,game,229388
The Legend of Zelda: The Wind Waker HD,game,225700
Dark Souls,game,220642
The Witness,game,218524
The Wheel of Time,show,215459
Bloodborne,game,212897
Star Trek -- Quentin Tarantino Film,movie,212873
Batman: Hush,movie,211187
Final Fantasy IX,game,210922
Rick and Morty,show,208420
Super Mario Maker 2,game,207002
Carnival Row,show,201157
Assassin's Creed Origins,game,197195
LEGO Marvel Super Heroes,game,195109
Fallout 76,game,195060
Dora and the Lost City of Gold,movie,189264
The Legend of Zelda: Majora's Mask 3D,game,188466
The Dark Crystal: Age of Resistance,show,188261
Pokemon LeafGreen Version,game,187675
Control,game,183739
Dark Souls III,game,183498
Shadow of the Tomb Raider,game,182045
Animal Crossing: New Leaf,game,179756
Monster Hunter World: Iceborne,game,179607
Grand Theft Auto: Vice City,game,178982
Resident Evil,game,178567
Tom Clancy's Splinter Cell,game,178050
Spyro the Dragon,game,177537
Absolute Carnage,volume,173723
Pokemon Black Version 2,game,172229
Teenage Mutant Ninja Turtles (IDW),volume,172224
Gears 5,game,172201
J.R.R. Tolkien's The Lord of the Rings Project,show,172113
PlayStation 4 Pro,game,171534
Dragon Ball FighterZ,game,170528
Neon Genesis Evangelion,show,165369
Divinity: Original Sin,game,164314
The Outer Worlds,game,161536
Nintendo Switch Lite,game,160508
Pokemon Silver Version,game,160125
Assassin's Creed III,game,158095
Another Life,show,156540
Metro Exodus,game,156351
Cyberpunk 2077,game,154053
Halo Infinite,game,153295
Veronica Mars,show,150886
Inside,game,150357
Dragon Ball Z: Kakarot,game,150354
Dishonored 2,game,150133
Jay and Silent Bob Reboot,movie,149975
Decay of Logos,game,149703
Thor: Ragnarok,movie,148062
WWE [PPVs],show,147511
Orange is the New Black,show,147001
Pennyworth,show,145712
Death Stranding,game,145178
Dragon Age: Inquisition,game,145080
Days Gone,game,144418
The Last of Us,game,143947
Netflix,company,143713
LEGO City: Undercover,game,143217
Battle Arena Toshinden,game,143164
Rocko's Modern Life: Static Cling,movie,142384
Dragon Ball Xenoverse 2,game,142368
Ghostbusters: The Video Game Remastered,game,141858
Tenet,movie,140357
Call of Duty: Black Ops II,game,140189
Darksiders III,game,139508
Kevin Feige,people,137190
Friends,show,136210
LEGO Harry Potter: Years 1-4,game,135634
Divinity: Original Sin II,game,133597
Incredibles 2,movie,133300
Pokemon Quest,game,130693
Spyro: Year of the Dragon,game,129330
LEGO DC Super-Villains,game,128875
Resident Evil 4,game,128393
Stardew Valley,game,127961
Dark Phoenix,movie,127262
Final Fantasy VI,game,127214
Spyro: Gateway to Glimmer,game,127154
Assassin's Creed IV: Black Flag,game,126853
X-Men,movie,125469
WWE SmackDown,show,125449
Monster Hunter Generations Ultimate,game,125284
Hasbro,company,124585
Good Boys,movie,124209
The 100,show,124115
Batwoman,show,124105
The Hunt [2019],movie,123480
The Legend of Zelda: Skyward Sword,game,122754
Dark Souls II: Crown of the Old Iron King,game,122486
Star Wars: The Last Jedi,movie,121332
DC's Legends of Tomorrow,show,120741
Xbox One X,game,120285
Ni No Kuni II: Revenant Kingdom,game,118718
Kingdom Hearts,game,118155
Pokemon HeartGold Version,game,116810
Jurassic World,movie,114008
Middle-earth: Shadow of War,game,113367
Mahershala Ali,people,113156
Teen Titans Go! Vs. Teen Titans,movie,110766
Kingdom Come: Deliverance,game,110507
Marvel's Shang-Chi and the Legend of the Ten Rings,movie,109792
LEGO Batman 3: Beyond Gotham,game,109744
The Legend of Zelda: A Link to the Past,game,109541
Green Room,movie,108896
The Kitchen,movie,107406
LEGO Marvel's Avengers,game,106966
Street Fighter V: Arcade Edition,game,106644
Powers of X,volume,104638
Rise of the Tomb Raider,game,104515
Legion,show,104257
Overwatch,game,103661
Wipeout: Omega Collection,game,103206
Aquaman 2,movie,102982
Star Wars Knights of the Old Republic,game,102884
Blair Witch,game,102785
Maneater,game,102112
Ready or Not,movie,101441
Age of Wonders: Planetfall,game,101426
Far Cry 5,game,100884
Deus Ex: Mankind Divided,game,98877
Uncharted 4: A Thief's End,game,95829
Dungeons & Dragons,game,95451
Mass Effect 3,game,95383
Assassin's Creed Unity,game,94967
Typewriter,show,93971
Grand Theft Auto Online,game,93159
The Haunting of Hill House,show,93126
Nier Automata,game,92558
Little Monsters [2019],movie,92080
Final Fantasy XIV Online [2010 version],game,92061
Wolfenstein: The New Order,game,92054
Fire Emblem Awakening,game,91636
Metal Wolf Chaos XD,game,91169
Star Wars: The Mandalorian,show,91149
Final Fantasy XII,game,90787
Pokemon: Mewtwo Strikes Back -- Evolution,movie,90409
The Angry Birds Movie 2,movie,90096
13 Reasons Why,show,90020
State of Decay 2,game,89143
Kingdom Hearts II,game,89052
Assassin's Creed II,game,88761
Wu Assassins,show,88457
The OA,show,88135
My Hero Academia,show,87783
Call of Duty: Black Ops III,game,87574
Darksiders Genesis,game,87324
Luigi's Mansion 3,game,87323
Assassin's Creed: Brotherhood,game,87037
Mass Effect: Andromeda,game,86366
Dead Island 2,game,85062
Darksiders,game,84879
Darksiders II,game,84454
Nintendo,company,83479
Danganronpa 2: Goodbye Despair,game,82837
GLOW,show,82240
Luigi's Mansion 2,game,81580
Super Mario Party,game,81333
The Elder Scrolls Online,game,80519
Saints Row: The Third,game,80383
L.A. Noire,game,79960
Jump Force,game,79841
The Legend of Zelda: Breath of the Wild 2,game,79670
Little Alchemy 2,game,79275
New Super Mario Bros. 2,game,79235
Xenoblade Chronicles 2,game,77877
Children of Blood and Bone,movie,77752
Doom Eternal,game,77563
Halo: The Master Chief Collection,game,77478
Rebel Galaxy Outlaw,game,77458
Call of Duty: WWII,game,77220
Fable III,game,77098
Supergirl,show,76838
Heavy Rain,game,76577
The Legend of Zelda: A Link Between Worlds,game,76343
Tom Clancy's The Division 2,game,76049
Harley Quinn,show,75919
Dishonored,game,75452
Disney Tsum Tsum Festival,game,75267
Fire Emblem,game,75071
WWE 2K19,game,74966
Battlefield 4,game,74348
Assassin's Creed [2020],game,72873
John Wick: Chapter 3 - Parabellum,movie,72798
Hellblade: Senua's Sacrifice,game,72653
The Legend of Zelda: Twilight Princess,game,72382
Madden NFL 19,game,72181
Hitman 2,game,72141
Assassin's Creed Syndicate,game,71658
The Elder Scrolls IV: Oblivion,game,71505
DuckTales Remastered,game,71453
Mortal Kombat X,game,70589
Soulcalibur VI,game,70552
Digimon Survive,game,70540
The Legend of Zelda,game,70479
Fire Emblem Fates: Revelation,game,70043
South Park: The Fractured But Whole,game,69608
Batman: Arkham City,game,69007
Secret of Mana [1993],game,68848
Prey,game,68773
Banjo-Kazooie,game,68455
Kill La Kill: The Game -- IF,game,68218
Tom Clancy's Jack Ryan,show,68171
Far Cry: New Dawn,game,68160
Pokemon Diamond Version,game,67715
Ultimate Hits: Final Fantasy X / X-2 Ultimate Box,game,67687
Remnant: From the Ashes,game,66986
Mario Tennis Aces,game,66984
Resident Evil 7 Biohazard,game,66975
Rage 2,game,66861
Darq,game,66531
Spyro Reignited Trilogy,game,66297
GreedFall,game,66232
Tales of Vesperia,game,66046
Batman vs. Teenage Mutant Ninja Turtles,movie,65962
Super Mario Sunshine,game,65908
Batman: Arkham Asylum,game,65466
Just Cause 4,game,65220
Fallout 3,game,64918
Marvel's Agents of S.H.I.E.L.D.,show,64594
Disney+,company,64495
Halo: The Series,show,64263
Electronic Arts,company,63995
Lightning Returns: Final Fantasy XIII,game,62786
Star Trek: Lower Decks,show,62417
South Park: The Stick of Truth,game,62403
God of War III,game,62027
The Fast & The Furious 9,movie,61742
Google Stadia,game,61688
Splatoon 2,game,60667
Warsaw,game,60656
Star Trek: Discovery,show,60638
His Dark Materials,show,60366
Gemini Man,movie,60237
New Super Mario Bros. Wii,game,59756
Deadpool,character,59562
Final Fantasy XIV Online: Shadowbringers,game,59526
Super Mario 3D World,game,59354
The Witcher 2: Assassins of Kings,game,59279
Outer Wilds,game,59063
Call of Duty: Modern Warfare 3,game,59041
Uncharted 2: Among Thieves,game,59003
Gears of War,game,58791
QMx Interactive,company,58126
Red Dead Redemption,game,58060
Pokemon Sapphire Version,game,57070
Counter-Strike: Global Offensive,game,57060
Black Mirror,show,56929
Microsoft,company,56655
Tomb Raider: Definitive Edition,game,56639
Final Fantasy VIII,game,56484
Little Alchemy,game,56398
Call of Duty: Black Ops,game,56259
Until Dawn,game,56156
Cyberpunk Red,game,55638
Saints Row 2,game,55475
Clash Royale,game,55358
LEGO Jurassic World,game,55186
Uncharted: Drake's Fortune,game,55181
Anthem,game,55086
Cats,movie,54783
Diablo III,game,54609
Batman [2016 - Current],volume,54396
Final Fantasy XIII-2,game,54316
Halloween,movie,54078
Borderlands: The Pre-Sequel,game,53923
Bloodstained: Ritual of the Night,game,53336
Kingdom Hearts: Birth by Sleep,game,52971
Pro Evolution Soccer 2019,game,52734
The Mighty Thor,volume,52157
The Flash,show,51198
Silent Hill HD Collection,game,51136
Pokemon Detective Pikachu,movie,51098
Limbo,game,51052
Barbie,character,50710
Sky: Children of the Light,game,50699
The Simpsons,show,50697
SummerSlam 2019,episode,50255
Doom 3,game,49988
Killjoys,show,49495
The Batman,movie,49356
Okami,game,49090
Star Wars: The Old Republic,game,49078
Pokemon Black Version,game,48987
Batman: Arkham Origins,game,48978
Far Cry 3,game,48778
BioShock Infinite,game,48670
Spider-Man: Into the Spider-Verse,movie,48227
Watch Dogs 2,game,47779
PC Engine Core Grafx,game,47645
Watch Dogs Legion,game,47608
Devil May Cry 5,game,47533
Kingdoms of Amalur: Reckoning,game,47207
Resident Evil 5: Desperate Escape,game,46937
Super NES Classic Edition,game,46819
Donkey Kong Country: Tropical Freeze,game,46773
Final Fantasy IV,game,46649
Dragon Ball Xenoverse,game,45863
Mario Kart 8,game,45688
Mad Max: The Wasteland,movie,45637
Aladdin,movie,45610
LEGO Indiana Jones: The Original Adventures,game,45533
Celeste,game,45527
Avengers: Infinity War,movie,45267
Professor Layton and the Curious Village,game,44406
John Wick,movie,44276
Super Paper Mario,game,43828
Gears of War 4,game,43519
Mindhunter,show,43240
Dying Light,game,43213
John Wick Hex,game,42970
Ratchet & Clank,game,42906
Fallout Shelter,game,42894
Journey,game,42856
Mario Kart Wii,game,42691
Batman: Last Knight on Earth,volume,42558
Mario + Rabbids Kingdom Battle,game,42169
Mass Effect,game,41834
Fallout: New Vegas -- Dead Money,game,41512
LEGO Harry Potter: Years 5-7,game,41377
Marvel's WandaVision,show,41244
Hyrule Warriors,game,41020
Vampyr,game,40944
Mutant Year Zero: Seed of Evil,game,40920
DanganRonpa: Trigger Happy Havoc,game,40773
Devil May Cry,game,40773
Far Cry 4,game,40709
The Walking Dead -- Rick Grimes Movie #1,movie,40519
The Evil Within,game,40411
Mafia III,game,40364
Final Fantasy III,game,40129
Resident Evil 6,game,40073
Legion: Season 3,season,40017
FIFA 19,game,39763
LEGO: The Hobbit,game,39746
PlayerUnknown's Battlegrounds,game,39730
LEGO Star Wars III: The Clone Wars,game,39717
Wal-Mart,company,39666
Pilot [Batwoman],episode,39646
Diablo,game,39191
Kingdom Hearts 3D: Dream Drop Distance,game,39147
Hitman,game,38927
OK K.O.! Let’s Play Heroes,game,38886
Banjo-Tooie,game,38880
Big Little Lies,show,38853
Undertale,game,38849
Battlefield V,game,38830
LEGO Batman 2: DC Super Heroes,game,38379
Need for Speed,game,38182
DayZ,game,37738
Professor Layton and Pandora's Box,game,37619
Twitch,company,37479
Yoshi's Crafted World,game,37470
Kill Bill 3,movie,37050
Coming to America 2,movie,36778
Uncharted 3: Drake's Deception,game,36583
Shazam!,movie,36473
God of War II,game,36380
101 Dalmatians,movie,36185
LEGO Batman: The Videogame,game,35925
The Continental,show,35192
Tom Clancy's Rainbow Six Siege,game,35190
Lucky Star,show,35134
Pillars of Eternity: Complete Edition,game,35090
Pokemon Rumble Rush,game,35002
Sleeping Dogs,game,34984
EarthBound,game,34928
Life is Strange,game,34380
GameStop,company,34185
Dead Island,game,34090
Dragon Quest Builders 2,game,34022
New Super Luigi U,game,33909
Mount & Blade: Warband,game,33894
Assassin's Creed: Revelations,game,33855
Harry Potter: Hogwarts Mystery,game,33844
BioShock,game,33824
Terraria,game,33666
LEGO Star Wars: The Force Awakens,game,33323
Lucifer,show,33263
Shadow of the Colossus,game,33148
Grand Theft Auto: Liberty City Stories,game,33127
Dawn of X: X-Men,volume,32976
Glow: Season 3,season,32752
Need for Speed Heat,game,32717
Sniper Elite 4,game,32605
Bloodline,movie,32604
Beyond: Two Souls,game,32432
Fire Emblem Echoes: Shadows of Valentia,game,32417
Invader Zim: Enter The Florpus,movie,32325
Ni no Kuni: Wrath of the White Witch,game,32207
Destiny,game,32079
Dead Cells,game,32019
The Amazing Spider-Man [2018 - Current],volume,31998
Vinland Saga,show,31828
Batman: Arkham Knight,game,31692
The Chilling Adventures of Sabrina,show,31522
Toy Story 4,movie,31521
Star Wars Battlefront II,game,31344
Final Fantasy XIII,game,31263
The Little Mermaid [Disney Live-Action],movie,31230
Saints Row IV,game,31002
Star Wars: The Force Awakens,movie,30986
Star Wars Knights of the Old Republic II: The Sith Lords,game,30732
Mega Man X Collection,game,30640
Metro 2033,game,30633
Super Metroid,game,30582
LEGO Indiana Jones 2: The Adventure Continues,game,30401
SimCity,game,30200
New Super Mario Bros.,game,30193
The Riftbreaker,game,30133
SteamWorld Quest: Hand of Gilgamech,game,30102
Max Payne,game,30089
Plants vs. Zombies,game,30048
Alien: Isolation,game,30005
Rocky,movie,30002
Tom Clancy's Ghost Recon Breakpoint,game,29930
Cadence of Hyrule,game,29908
Paper Mario: Sticker Star,game,29879
Thor (Marvel),character,29761
New Gods,movie,29606
Hearthstone: Heroes of WarCraft,game,29598
The Surge,game,29536
Shin Megami Tensei IV,game,29430
Dragon Age: Origins,game,29393
The Sims 3,game,29338
Dragon's Dogma,game,29334
LEGO The Lord of the Rings [Portable],game,29256
The Terror,show,29088
MoviePass Films,company,29076
Disney Epic Mickey 2: The Power of Two,game,28968
Super Mario 3D Land,game,28791
Mafia II,game,28738
Beauty and the Beast (1991),movie,28727
Ion Fury,game,28625
Pokemon Masters,game,28524
Mass Effect 2,game,28183
Westworld,show,28156
Deus Ex: Human Revolution -- The Missing Link,game,28126
God of War [2005],game,27966
Batman: Curse of the White Knight,volume,27926
Fable II,game,27817
Stephen King's IT,movie,27787
Resident Evil Zero: Trial Edition,game,27690
Warlander,game,27654
Metroid: Samus Returns,game,27616
Forza Horizon 4,game,27518
Pokemon,show,27404
Scribblenauts Unlimited,game,27382
Middle-earth: Shadow of Mordor,game,27278
Pilot [Harley Quinn],episode,27181
Minecraft Earth,game,27062
Dragon Ball Z,show,27035
Wu Assassins: Season 1,season,26962
Dishonored: Death of the Outsider,game,26957
Nioh,game,26869
The Evil Within 2,game,26861
Game of Thrones: Season 8,season,26737
Ghostbusters [1984],movie,26692
Castlevania: Lords of Shadow Collection,game,26469
Call of Duty 4: Modern Warfare,game,26421
Just Cause 3,game,26308
Watch Dogs,game,26260
The Addams Family,movie,26223
Marvel: Ultimate Alliance,game,26109
Another Life: Season 1,season,25942
The Crown,show,25821
Destroy All Humans!,game,25702
Uncharted: The Lost Legacy,game,25658
3 From Hell,movie,25632
The Walking Dead: A Telltale Game Series -- Season One,game,25616
Assassin's Creed III: Liberation,game,25565
Treadstone,show,25482
The Sinking City,game,25426
The Matrix,movie,25404
Chrono Cross,game,25385
Captain Toad: Treasure Tracker,game,25251
Zelda II: The Adventure of Link,game,25203
Borderlands 2,game,25076
The Walking Dead,volume,24974
ArcheAge,game,24834
Dead Rising 4: Frank’s Big Package,game,24825
Mayans MC -- Sons of Anarchy,show,24817
Men in Black International,movie,24802
Disney,company,24714
Sea of Thieves,game,24481
Young Justice,show,24290
Call of Duty: Advanced Warfare,game,24252
Conker's Bad Fur Day,game,24070
Wii Sports Resort,game,24021
Sony Interactive Entertainment,company,23964
Two Sentence Horror Stories,show,23899
Dark Nights: Metal,volume,23888
Metro: Last Light,game,23851
Solar Opposites,show,23785
BioShock 2,game,23710
Marvel Universe -- Female Superhero Project,show,23678
Grand Theft Auto: Vice City Stories,game,23658
BioMutant,game,23566
Tekken 7,game,23542
Call of Duty: Infinite Warfare,game,23533
Golden Sun,game,23493
Superman: Red Son,volume,23492
Dr. Mario World,game,23471
Tom Clancy's Ghost Recon: Wildlands,game,23403
Battlefield 1,game,23380
American Crime Story,show,23229
Luigi's Mansion,game,23210
Grand Theft Auto IV,game,22877
Paper Mario: The Thousand-Year Door,game,22773
Demon Slayer: Kimetsu no Yaiba,show,22737
Portal 2,game,22571
Super Mario Galaxy 2,game,22470
Alan Wake,game,22465
Star Wars Resistance,show,22446
Soma,game,22410
Disintegration,game,22406
The New Mutants,movie,22392
Gran Turismo Sport,game,22386
Guild Wars 2: Heart of Thorns,game,22263
The Legend of Zelda: The Minish Cap,game,22045
Halo 5: Guardians,game,22011
SpongeBob SquarePants: The Battle For Bikini Bottom,game,21951
Snowpiercer: The Series,show,21884
Marvel Comics,volume,21788
The Boys,movie,21674
Roblox,game,21658
Observation,game,21648
Venom,movie,21601
A Beautiful Day in the Neighborhood,movie,21487
Gwent: The Witcher Card Game,game,21463
Valkyria Chronicles 4,game,21311
The LEGO Movie Videogame,game,21085
Mutant Year Zero: Road to Eden,game,20713
Final Fantasy XIV Online,game,20662
Jojo Rabbit,movie,20657
Harvest Moon: Friends of Mineral Town,game,20562
NBA 2K20,game,20538
Castlevania: Symphony of the Night,game,20508
Bravely Default,game,20387
Yooka-Laylee and the Impossible Lair,game,20372
WarCraft III: Reign of Chaos,game,20309
Marvels Epilogue,volume,20290
Sid Meier's Civilization VI,game,20166
Super Mario Bros. 3,game,20109
Grand Theft Auto VI [rumored title],game,20093
Concrete Genie,game,20091
Life is Strange: Before the Storm,game,20017
Child of Light,game,19882
Game of Thrones: The Long Night,show,19872
Roman Reigns,people,19829
Yooka-Laylee,game,19776
Dragon Quest VI: Realms of Revelation,game,19540
Pillars of Eternity: The White March,game,19241
Hellboy,movie,19046
Crash Bandicoot N. Sane Trilogy,game,18984
Deadpool,movie,18972
Dragon Ball Super,show,18969
Plants vs. Zombies: Garden Warfare 2,game,18926
Battlefield 3,game,18868
Fear the Walking Dead,show,18696
Batman Ninja,movie,18541
Shovel Knight,game,18531
Jak and Daxter: The Precursor Legacy,game,18438
Infamous: Second Son,game,18371
Call of Duty,game,18370
Brandon Routh,people,18235
Glaive: Brick Breaker,game,18223
Pineapple Express,movie,18215
Fantastic Beasts: The Crimes of Grindelwald,movie,18149
Big Mouth,show,18123
Primetime Emmy Awards,show,18086
Metal Gear Rising: Blade Wolf,game,18031
Assassin’s Creed Rogue Remastered,game,17799
Warhammer 40K: The Series,show,17777
Diablo III: Eternal Collection,game,17764
Emilia Clarke,people,17721
Injustice 2,game,17666
James Bond 25,movie,17650
Event Horizon,movie,17621
Taika Waititi,people,17585
The Terror: Season 2,season,17566
Honey Boy,movie,17565
Absolute Carnage #1,book,17554
Wolfenstein: The Old Blood,game,17550
Magic: The Gathering,game,17509
Playmobil: The Movie,movie,17485
The Irishman,movie,17449
What We Do in the Shadows [TV Series],show,17434
God of War: Ascension,game,17430
Age of Empires II Mobile,game,17365
Fez,game,17242
Professor Layton and the Last Specter,game,17242
Tera,game,17179
Tabletop,game,17022
Super Mario Land 2,game,17011
Torchlight II,game,16957
Bully,game,16886
Professor Layton and the Unwound Future,game,16874
Wolfenstein: Cyberpilot,game,16872
Neo Geo Mini,game,16815
Cuphead,game,16728
Streets of Rage 4,game,16643
Destiny 2: Shadowkeep,game,16608
Mad Max,game,16593
Super Mario 64 DS,game,16498
The Muppet Movie,movie,16473
Alice: Madness Returns,game,16381
Stranger Things 3: The Game,game,16378
Monster Prom,game,16172
Yo-Kai Watch,game,16154
Dark Souls Remastered,game,16146
Cobra Kai,show,16073
Oddworld: New 'n' Tasty,game,16060
Harvest Moon: A Wonderful Life Special Edition,game,16039
The Elder Scrolls Blades,game,16027
LEGO Pirates of the Caribbean: The Video Game,game,16022
SpongeBob SquarePants,show,15962
Wonder Woman: Bloodlines,movie,15948
All Elite Wrestling,show,15901
Grim Fandango,game,15870
XCOM 2: Alien Hunters,game,15799
Doom Patrol,show,15758
Friends From College,show,15742
DC Comics,company,15673
StarCraft,game,15649
Super Monkey Ball: Banana Blitz HD,game,15644
Murdered: Soul Suspect,game,15617
Titanfall 2,game,15614
The Dragon Prince,show,15594
Paper Mario: Color Splash,game,15496
Marvel: Ultimate Alliance 2,game,15425
Transformers,show,15280
The LEGO Ninjago Movie Video Game,game,15154
Plants vs. Zombies: Garden Warfare,game,15142
House of X #2,book,15138
Max Payne 3,game,15064
The Last Guardian,game,15033
Super Monkey Ball: Banana Blitz,game,14978
Star Wars Jedi: Fallen Order,game,14862
John Cena,people,14858
Broken Age: Act 1,game,14751
Dead Island Riptide,game,14721
Kinect,game,14707
Prey 2,game,14634
Nintendo Amiibo,game,14588
Devil May Cry 3: Dante's Awakening,game,14564
Half-Life: Initial Encounter,game,14550
Star Wars: The Force Unleashed II,game,14524
Rocket League,game,14519
"999: 9 Hours, 9 Persons, 9 Doors",game,14512
Dead Space 3,game,14512
Conan Exiles,game,14477
Midsommar,movie,14477
Super Mario Galaxy,game,14477
House of X #1,book,14476
Resident Evil Revelations 2 -- Episode 1,game,14454
Dragon Quest IX: Sentinels of the Starry Skies,game,14447
Doodle God: Ultimate Edition,game,14422
The Little Mermaid,movie,14353
Metal Gear Solid V: Ground Zeroes,game,14325
Chrono Trigger,game,14324
Sonic Mania Plus,game,14209
Halo: Combat Evolved Anniversary,game,14145
Marvel's Agents of S.H.I.E.L.D.: Season 6,season,14141
Digimon Story: Cyber Sleuth,game,14122
Disney Epic Mickey,game,14109
Samsung,company,14084
Golf Story,game,14070
Saints Row IV: Gat Out of Hell,game,13982
Preacher,show,13914
Kingdom Hearts: Chain of Memories,game,13880
NHL 20,game,13845
Super Smash Bros. Brawl,game,13830
Westworld: Season 3,season,13768
Gears of War 3,game,13757
Escape From Tarkov,game,13746
One-Punch Man,show,13727
Rayman Legends: Definitive Edition,game,13724
Mega Man Xtreme,game,13630
Marvel's Loki,show,13624
Dauntless,game,13603
Call of Duty: World at War,game,13530
Veronica Mars: Season 4,season,13507
The Legend of Zelda: Ocarina of Time,game,13456
101 Dalmatians [1996],movie,13454
Super Smash Bros. for Nintendo 3DS,game,13429
Borderlands,game,13428
Maniac Mansion: Day of the Tentacle,game,13420
Star Wars Jedi Knight II: Jedi Outcast,game,13338
Crash Bandicoot,game,13327
Resident Evil 5,game,13282
The Legend of Zelda: Spirit Tracks,game,13232
Far Cry Primal,game,13220
Need for Speed Payback,game,13191
Batman: Curse of the White Knight #1,book,13162
Sea of Solitude,game,13160
Age of Empires III,game,13132
Forza Horizon,game,13091
Oxygen Not Included,game,13080
Shenmue II,game,13075
Tom Clancy's The Division,game,13062
World of Warcraft,game,13061
Us,movie,13058
King's Quest,game,13034
Astro Bot Rescue Mission,game,13024
Samurai Shodown,game,13021
Marvels Epilogue #1,book,12928
Hitman: Absolution,game,12898
Neverwinter,game,12872
Star Trek: Short Treks,show,12838
Christopher Nolan,people,12801
The Amazing Spider-Man [2019] #26,book,12801
Final Fantasy X / X-2 HD Remaster,game,12730
Doki Doki Literature Club,game,12724
Naruto Shippuden: Ultimate Ninja Storm 3,game,12549
Darkseid,character,12477
For Honor,game,12435
Naruto Shippuden: Ultimate Ninja Storm 4,game,12431
StarCraft II: Legacy of the Void,game,12423
Enter the Gungeon,game,12400
Rome: Total War,game,12352
Xbox Game Studios,company,12172
Ace Combat 7: Skies Unknown,game,12159
Call of Duty: Ghosts,game,12136
Justice League,movie,12136
Black Desert Online,game,12119
Metal Gear Solid,game,12104
Cricket 19 -- The Official Game of the Ashes,game,12086
Batman: Last Knight on Earth #2,book,12040
Crawl,movie,12029
Vampire: The Masquerade -- Bloodlines 2,game,12021
1917,movie,11971
Ad Astra,movie,11967
Lucasfilm,company,11956
Spawn,character,11859
Atlanta,show,11823
Captain Marvel,movie,11766
Disney Infinity: 3.0 Edition,game,11751
Oninaki,game,11733
Shenmue III,game,11705
Assassin's Creed,game,11695
The Vanishing of Ethan Carter,game,11611
Batman: Gotham By Gaslight,movie,11536
The Last Remnant,game,11536
Mario Kart 7,game,11525
Super Mario World,game,11521
NES Classic Edition,game,11511
Guacamelee!,game,11480
Quentin Tarantino,people,11479
The Mask,movie,11409
Taskmaster,character,11367
Dante's Inferno,game,11314
My Singing Monsters,game,11278
Angel Has Fallen,movie,11272
Cities: Skylines,game,11159
The Witcher 3: Wild Hunt -- Hearts of Stone,game,11138
Grand Theft Auto III,game,11134
Two Point Hospital,game,10960
Batman [2019] #76,book,10959
Riot Games Fighting Project,game,10948
Doom (1993),game,10881
Riverdale,show,10880
Satanic Panic,movie,10841
Judgment,game,10779
Metal Gear Solid: Peace Walker,game,10774
Super Smash Bros. Melee,game,10763
Need for Speed Underground 2,game,10752
F1 2019,game,10746
Bridge Constructor Portal,game,10736
Valkyria Chronicles,game,10733
PlayStation 5,game,10708
DC Universe,company,10661
Battlefield Hardline,game,10654
The Hitchhiker's Guide to the Galaxy,show,10653
Tales from the Borderlands,game,10613
Warhammer: Chaosbane,game,10608
Outlast II,game,10548
Lost Odyssey,game,10545
Baldur's Gate -- Enhanced Edition,game,10538
Stuber,movie,10535
Pokemon Sun Version,game,10487
Kylo Ren,character,10447
Star Wars: Cassian Andor [Rogue One Prequel],show,10408
Starlink: Battle for Atlas,game,10398
Layers of Fear 2,game,10369
Super Mario 64,game,10354
Street Fighter V,game,10341
Resident Evil Revelations,game,10332
Madness in the Method,movie,10307
Halo 4,game,10261
Super Mario Maker,game,10238
Satoru Iwata,people,10229
Teen Titans Go!,show,10218
Rutger Hauer,people,10196
Dungeons & Dragons,volume,10173
Archer,show,10164
Dark Chronicle,game,10140
Modern Family,show,10140
DmC -- Vergil's Downfall,game,10133
Total War: Three Kingdoms,game,10132
Devil May Cry 4 Refrain,game,10055
BlazBlue Cross Tag Battle,game,9996
Injustice: Gods Among Us,game,9970
Powers of X #1,book,9949
Donkey Kong Country Returns 3D,game,9915
"Pokemon: Let's Go, Eevee!",game,9885
Pillars of Eternity II: Deadfire,game,9875
Half-Life 2 -- Game of the Year Edition,game,9796
Gears of War 2,game,9794
Jonathan Frakes,people,9794
Star Wars: The Clone Wars,show,9658
The Eternals Vol. 1,volume,9648
Star Wars: The Force Unleashed,game,9627
Marvel's Hawkeye,show,9618
One Piece: World Seeker,game,9611
The Legend of Zelda: Link's Awakening [1993],game,9606
Castlevania: Dawn of Sorrow,game,9605
Crash Bandicoot 2: Cortex Strikes Back,game,9590
Arkane Studios,company,9583
Metal Gear Solid 4: Guns of the Patriots,game,9538
World of Warships Legends,game,9514
LEGO Dimensions,game,9451
New Play Control! Metroid Prime,game,9447
Professor Layton and the Miracle Mask,game,9441
The Elder Scrolls Online: Elsweyr,game,9371
Dragon Age II,game,9363
Hitman: Blood Money,game,9351
Batman,character,9316
Lineage II: The Chaotic Throne,game,9314
Xenoblade Chronicles,game,9302
Fire Emblem Warriors,game,9275
Portal: Still Alive,game,9235
Mario & Luigi: Superstar Saga,game,9226
Blood & Truth,game,9219
House Flipper,game,9194
Dungeons & Dragons,show,9176
Neverwinter Nights: Collector's Edition,game,9153
Bayonetta 2,game,9144
Patriot Act with Hasan Minhaj,show,9107
Burnout Paradise,game,9105
Sunset Overdrive,game,9067
PlayStation Classic,game,8993
Forza Horizon 3,game,8991
Redeemer,game,8986
DC Universe Online,game,8961
Darkest Dungeon,game,8948
Night Hunter,movie,8943
Fight Crab,game,8894
Tom Clancy's Splinter Cell: Blacklist,game,8887
Metal Gear Survive,game,8885
Godzilla: King of the Monsters,movie,8882
Snake Eyes [G.I. Joe Spinoff],movie,8879
Yakuza 6: The Song of Life,game,8863
Firewatch,game,8853
Fable,game,8852
God of War: Ghost of Sparta,game,8715
Mortal Kombat: Shaolin Monks,game,8710
Spider-Man 4,movie,8593
Metroid Fusion,game,8568
Berserker Unbound,volume,8561
Metal Gear Solid HD Collection,game,8550
The Lighthouse,movie,8529
Golden Sun: Dark Dawn,game,8489
WWE SmackDown vs. Raw 2011,game,8482
The Legend of Zelda: Link's Awakening [Switch],game,8473
Pokemon Ultra Moon Version,game,8469
A Plague Tale: Innocence,game,8468
Orlando Bloom,people,8432
Sonic Adventure 2,game,8424
Warframe,game,8410
The Room Two,game,8408
Halo: Reach,game,8384
Tomb Raider,game,8381
Quantum Break,game,8316
The Man in the High Castle,show,8302
The Cuphead Show,show,8292
Thief,game,8284
Baldur's Gate III,game,8270
Outlast,game,8265
DuckTales [2017],show,8258
Bayonetta,game,8257
Lost Ember,game,8256
The Batman's Grave,volume,8237
Halo Wars 2,game,8223
I Am Setsuna,game,8199
The Art of Self-Defense,movie,8196